,Product_name,Prices,Description,Reviews
0,"SAMSUNG Galaxy S21 FE 5G (Olive, 128 GB)","₹34,999",8 GB RAM | 128 GB ROM16.26 cm (6.4 inch) Full HD+ Display12MP + 12MP + 8MP (OIS) | 32MP Front Camera4500 mAh Lithium-ion Battery1 Year Manufacturer Warranty for Device and 6 Months Manufacturer Warranty for In-Box Accessories,4.4
1,"SAMSUNG Galaxy S21 FE 5G (White, 128 GB)","₹34,999",8 GB RAM | 128 GB ROM16.26 cm (6.4 inch) Full HD+ Display12MP + 12MP + 8MP (OIS) | 32MP Front Camera4500 mAh Lithium-ion Battery1 Year Manufacturer Warranty for Device and 6 Months Manufacturer Warranty for In-Box Accessories,4.4
2,"SAMSUNG Galaxy Z Flip3 5G (Phantom Black, 128 GB)","₹49,999",8 GB RAM | 128 GB ROM17.02 cm (6.7 inch) Full HD+ Display12MP + 12MP | 10MP Front Camera3300 mAh Lithium-ion BatteryQualcomm Snapdragon 888 Octa-Core Processor1 Year Manufacturer Warranty for Device and 6 months Manufacturer Warranty for In-Box Accessories,4.4
3,"APPLE iPhone 11 (Black, 128 GB)","₹47,999",128 GB ROM15.49 cm (6.1 inch) Liquid Retina HD Display12MP + 12MP | 12MP Front CameraA13 Bionic Chip ProcessorBrand Warranty of 1 Year,4.6
4,"SAMSUNG Galaxy Z Flip3 5G (Cream, 128 GB)","₹49,999",8 GB RAM | 128 GB ROM17.02 cm (6.7 inch) Full HD+ Display12MP + 12MP | 10MP Front Camera3300 mAh Lithium-ion BatteryQualcomm Snapdragon 888 Octa-Core Processor1 Year Manufacturer Warranty for Device and 6 months Manufacturer Warranty for In-Box Accessories,4.4
5,"APPLE iPhone 11 (White, 128 GB)","₹47,999",128 GB ROM15.49 cm (6.1 inch) Liquid Retina HD Display12MP + 12MP | 12MP Front CameraA13 Bionic Chip ProcessorBrand Warranty of 1 Year,4.6
6,"APPLE iPhone 11 (Red, 128 GB)","₹47,999",128 GB ROM15.49 cm (6.1 inch) Liquid Retina HD Display12MP + 12MP | 12MP Front CameraA13 Bionic Chip ProcessorBrand Warranty of 1 Year,4.6
7,"APPLE iPhone 12 mini (Black, 64 GB)","₹49,999","64 GB ROM13.72 cm (5.4 inch) Super Retina XDR Display12MP + 12MP | 12MP Front CameraA14 Bionic Chip with Next Generation Neural Engine ProcessorCeramic ShieldIndustry-leading IP68 Water ResistanceAll Screen OLED Display12MP TrueDepth Front Camera with Night Mode, 4K Dolby Vision HDR RecordingBrand Warranty for 1 Year",4.5
8,"Xiaomi 11T Pro 5G Hyperphone (Celestial Magic, 128 GB)","₹36,990",8 GB RAM | 128 GB ROM16.94 cm (6.67 inch) Display108MP Rear Camera5000 mAh Battery1 Year,4
9,"APPLE iPhone 12 mini (White, 64 GB)","₹49,999","64 GB ROM13.72 cm (5.4 inch) Super Retina XDR Display12MP + 12MP | 12MP Front CameraA14 Bionic Chip with Next Generation Neural Engine ProcessorCeramic ShieldIndustry-leading IP68 Water ResistanceAll Screen OLED Display12MP TrueDepth Front Camera with Night Mode, 4K Dolby Vision HDR RecordingBrand Warranty for 1 Year",4.5
10,"OPPO Reno8 Pro 5G (Glazed Black, 256 GB)","₹45,999",12 GB RAM | 256 GB ROM17.02 cm (6.7 inch) Full HD+ AMOLED Display50MP + 8MP + 2MP | 32MP Front Camera4500 mAh Lithium-ion Polymer BatteryMediatek Dimensity 8100 Max Processor1 Year Warranty for Phone and 6 Months Warranty for In-Box Accessories,4.4
11,"IQOO 9T 5G (LEGEND, 128 GB)","₹49,499",8 GB RAM | 128 GB ROM17.22 cm (6.78 inch) Display50MP Rear Camera4700 mAh Battery1 Year,4.1
12,"realme X50 Pro (Moss Green, 256 GB)","₹47,999",12 GB RAM | 256 GB ROM16.36 cm (6.44 inch) Full HD+ Display64MP + 12MP + 8MP + 2MP | 32MP + 8MP Dual Front Camera4200 mAh Battery5G PhoneQualcomm Snapdragon 865 Processor65W Superdart ChargeBrand Warranty of 1 Year Available for Mobile and 6 Months for Accessories,4.4
13,"Mi 10T Pro (Cosmic Black, 128 GB)","₹47,999",8 GB RAM | 128 GB ROM16.94 cm (6.67 inch) Full HD+ Display108MP + 13MP + 5MP | 20MP Front Camera5000 mAh Li-ion Polymer BatteryQualcomm Snapdragon 865 Processor144Hz Intelligent AdaptiveSync Display33W Dual Split Flash Charge1 Year Manufacturer Warranty for Device and 6 Months Manufacturer Warranty for In-box Accessories,4.2
14,"LG Wing (Aurora Gray, 128 GB)","₹49,999",8 GB RAM | 128 GB ROM | Expandable Upto 2 TB17.27 cm (6.8 inch) Full HD+ Display64MP + 13MP + 12MP | 32MP Front Camera4000 mAh Lithium Polymer BatteryQualcomm Snapdragon 765G Processor1 Year Manufacturer Warranty for Device and 6 Months Manufacturer Warranty for In-box Accessories Including Batteries from the Date of Purchase,4.2
15,"realme X50 Pro 5G (Rust Red, 256 GB)","₹47,999",12 GB RAM | 256 GB ROM16.36 cm (6.44 inch) Full HD+ Display64MP + 12MP + 8MP + 2MP | 32MP + 8MP Dual Front Camera4200 mAh Battery5G PhoneQualcomm Snapdragon 865 Processor65W Superdart ChargeBrand Warranty of 1 Year Available for Mobile and 6 Months for Accessories,4.3
16,"realme GT 2 Pro (Paper White, 128 GB)","₹49,999",8 GB RAM | 128 GB ROM17.02 cm (6.7 inch) Quad HD Display50MP + 50MP + 2MP | 32MP Front Camera5000 mAh Lithium Ion BatteryQualcomm Snapdragon 8 Gen 1 Mobile Platform Processor1 Year Manufacturer Warranty for Phone and 6 Months Warranty for In-Box Accessories,4.2
17,"realme GT 2 Pro (Paper Green, 128 GB)","₹49,999",8 GB RAM | 128 GB ROM17.02 cm (6.7 inch) Quad HD Display50MP + 50MP + 2MP | 32MP Front Camera5000 mAh Lithium Ion BatteryQualcomm Snapdragon 8 Gen 1 Mobile Platform Processor1 Year Manufacturer Warranty for Phone and 6 Months Warranty for In-Box Accessories,4.2
18,"vivo X60 (Midnight Black, 256 GB)","₹46,990",12 GB RAM | 256 GB ROM16.66 cm (6.56 inch) Full HD+ Display48MP + 13MP + 13MP | 32MP Front Camera4300 mAh Lithium-ion BatteryQualcomm Snapdragon 870 ProcessorAMOLED Display1 Year for Handset and 6 Months for In-box Accessories,4.4
19,"ASUS ROG 5s (Phantom Black, 256 GB)","₹47,999",12 GB RAM | 256 GB ROM17.22 cm (6.78 inch) Full HD+ Display64MP + 13MP + 5MP | 24MP Front Camera6000 mAh Lithium Polymer BatteryQualcomm Snapdragon 888 Plus (SM8350) Processor1 Year Brand Warranty,4.2
20,"realme GT 2 Pro (Steel Black, 128 GB)","₹49,999",8 GB RAM | 128 GB ROM17.02 cm (6.7 inch) Quad HD Display50MP + 50MP + 2MP | 32MP Front Camera5000 mAh Lithium Ion BatteryQualcomm Snapdragon 8 Gen 1 Mobile Platform Processor1 Year Manufacturer Warranty for Phone and 6 Months Warranty for In-Box Accessories,4.2
21,"Xiaomi 12 Pro 5G (Opera Mauve, 256 GB)","₹49,999",8 GB RAM | 256 GB ROM17.09 cm (6.73 inch) Full HD+ AMOLED Display50MP Rear Camera4600 mAh BatterySnapdragon@ 8 Gen 1 Processor12 Months,4.2
22,"SAMSUNG Galaxy S20 FE 5G (Cloud Navy, 128 GB)","₹30,980",8 GB RAM | 128 GB ROM16.51 cm (6.5 inch) Display12MP Rear Camera4500 mAh Battery1 Year Warranty,4
23,"IQOO 9T 5G (LEGEND, 128 GB)","₹49,499",8 GB RAM | 128 GB ROM17.22 cm (6.78 inch) Display50MP Rear Camera4700 mAh Battery1 Year,4.1
24,"SAMSUNG Galaxy S21 FE 5G (Olive, 128 GB)","₹34,999",8 GB RAM | 128 GB ROM16.26 cm (6.4 inch) Full HD+ Display12MP + 12MP + 8MP (OIS) | 32MP Front Camera4500 mAh Lithium-ion Battery1 Year Manufacturer Warranty for Device and 6 Months Manufacturer Warranty for In-Box Accessories,4.4
25,"SAMSUNG Galaxy S21 FE 5G (White, 128 GB)","₹34,999",8 GB RAM | 128 GB ROM16.26 cm (6.4 inch) Full HD+ Display12MP + 12MP + 8MP (OIS) | 32MP Front Camera4500 mAh Lithium-ion Battery1 Year Manufacturer Warranty for Device and 6 Months Manufacturer Warranty for In-Box Accessories,4.4
26,"SAMSUNG Galaxy Z Flip3 5G (Phantom Black, 128 GB)","₹49,999",8 GB RAM | 128 GB ROM17.02 cm (6.7 inch) Full HD+ Display12MP + 12MP | 10MP Front Camera3300 mAh Lithium-ion BatteryQualcomm Snapdragon 888 Octa-Core Processor1 Year Manufacturer Warranty for Device and 6 months Manufacturer Warranty for In-Box Accessories,4.4
27,"APPLE iPhone 11 (Black, 128 GB)","₹47,999",128 GB ROM15.49 cm (6.1 inch) Liquid Retina HD Display12MP + 12MP | 12MP Front CameraA13 Bionic Chip ProcessorBrand Warranty of 1 Year,4.6
28,"SAMSUNG Galaxy Z Flip3 5G (Cream, 128 GB)","₹49,999",8 GB RAM | 128 GB ROM17.02 cm (6.7 inch) Full HD+ Display12MP + 12MP | 10MP Front Camera3300 mAh Lithium-ion BatteryQualcomm Snapdragon 888 Octa-Core Processor1 Year Manufacturer Warranty for Device and 6 months Manufacturer Warranty for In-Box Accessories,4.4
29,"APPLE iPhone 11 (White, 128 GB)","₹47,999",128 GB ROM15.49 cm (6.1 inch) Liquid Retina HD Display12MP + 12MP | 12MP Front CameraA13 Bionic Chip ProcessorBrand Warranty of 1 Year,4.6
30,"APPLE iPhone 11 (Red, 128 GB)","₹47,999",128 GB ROM15.49 cm (6.1 inch) Liquid Retina HD Display12MP + 12MP | 12MP Front CameraA13 Bionic Chip ProcessorBrand Warranty of 1 Year,4.6
31,"APPLE iPhone 12 mini (Black, 64 GB)","₹49,999","64 GB ROM13.72 cm (5.4 inch) Super Retina XDR Display12MP + 12MP | 12MP Front CameraA14 Bionic Chip with Next Generation Neural Engine ProcessorCeramic ShieldIndustry-leading IP68 Water ResistanceAll Screen OLED Display12MP TrueDepth Front Camera with Night Mode, 4K Dolby Vision HDR RecordingBrand Warranty for 1 Year",4.5
32,"Xiaomi 11T Pro 5G Hyperphone (Celestial Magic, 128 GB)","₹36,990",8 GB RAM | 128 GB ROM16.94 cm (6.67 inch) Display108MP Rear Camera5000 mAh Battery1 Year,4
33,"APPLE iPhone 12 mini (White, 64 GB)","₹49,999","64 GB ROM13.72 cm (5.4 inch) Super Retina XDR Display12MP + 12MP | 12MP Front CameraA14 Bionic Chip with Next Generation Neural Engine ProcessorCeramic ShieldIndustry-leading IP68 Water ResistanceAll Screen OLED Display12MP TrueDepth Front Camera with Night Mode, 4K Dolby Vision HDR RecordingBrand Warranty for 1 Year",4.5
34,"OPPO Reno8 Pro 5G (Glazed Black, 256 GB)","₹45,999",12 GB RAM | 256 GB ROM17.02 cm (6.7 inch) Full HD+ AMOLED Display50MP + 8MP + 2MP | 32MP Front Camera4500 mAh Lithium-ion Polymer BatteryMediatek Dimensity 8100 Max Processor1 Year Warranty for Phone and 6 Months Warranty for In-Box Accessories,4.4
35,"IQOO 9T 5G (LEGEND, 128 GB)","₹49,499",8 GB RAM | 128 GB ROM17.22 cm (6.78 inch) Display50MP Rear Camera4700 mAh Battery1 Year,4.1
36,"realme X50 Pro (Moss Green, 256 GB)","₹47,999",12 GB RAM | 256 GB ROM16.36 cm (6.44 inch) Full HD+ Display64MP + 12MP + 8MP + 2MP | 32MP + 8MP Dual Front Camera4200 mAh Battery5G PhoneQualcomm Snapdragon 865 Processor65W Superdart ChargeBrand Warranty of 1 Year Available for Mobile and 6 Months for Accessories,4.4
37,"Mi 10T Pro (Cosmic Black, 128 GB)","₹47,999",8 GB RAM | 128 GB ROM16.94 cm (6.67 inch) Full HD+ Display108MP + 13MP + 5MP | 20MP Front Camera5000 mAh Li-ion Polymer BatteryQualcomm Snapdragon 865 Processor144Hz Intelligent AdaptiveSync Display33W Dual Split Flash Charge1 Year Manufacturer Warranty for Device and 6 Months Manufacturer Warranty for In-box Accessories,4.2
38,"LG Wing (Aurora Gray, 128 GB)","₹49,999",8 GB RAM | 128 GB ROM | Expandable Upto 2 TB17.27 cm (6.8 inch) Full HD+ Display64MP + 13MP + 12MP | 32MP Front Camera4000 mAh Lithium Polymer BatteryQualcomm Snapdragon 765G Processor1 Year Manufacturer Warranty for Device and 6 Months Manufacturer Warranty for In-box Accessories Including Batteries from the Date of Purchase,4.2
39,"realme X50 Pro 5G (Rust Red, 256 GB)","₹47,999",12 GB RAM | 256 GB ROM16.36 cm (6.44 inch) Full HD+ Display64MP + 12MP + 8MP + 2MP | 32MP + 8MP Dual Front Camera4200 mAh Battery5G PhoneQualcomm Snapdragon 865 Processor65W Superdart ChargeBrand Warranty of 1 Year Available for Mobile and 6 Months for Accessories,4.3
40,"realme GT 2 Pro (Paper White, 128 GB)","₹49,999",8 GB RAM | 128 GB ROM17.02 cm (6.7 inch) Quad HD Display50MP + 50MP + 2MP | 32MP Front Camera5000 mAh Lithium Ion BatteryQualcomm Snapdragon 8 Gen 1 Mobile Platform Processor1 Year Manufacturer Warranty for Phone and 6 Months Warranty for In-Box Accessories,4.2
41,"realme GT 2 Pro (Paper Green, 128 GB)","₹49,999",8 GB RAM | 128 GB ROM17.02 cm (6.7 inch) Quad HD Display50MP + 50MP + 2MP | 32MP Front Camera5000 mAh Lithium Ion BatteryQualcomm Snapdragon 8 Gen 1 Mobile Platform Processor1 Year Manufacturer Warranty for Phone and 6 Months Warranty for In-Box Accessories,4.2
42,"vivo X60 (Midnight Black, 256 GB)","₹46,990",12 GB RAM | 256 GB ROM16.66 cm (6.56 inch) Full HD+ Display48MP + 13MP + 13MP | 32MP Front Camera4300 mAh Lithium-ion BatteryQualcomm Snapdragon 870 ProcessorAMOLED Display1 Year for Handset and 6 Months for In-box Accessories,4.4
43,"ASUS ROG 5s (Phantom Black, 256 GB)","₹47,999",12 GB RAM | 256 GB ROM17.22 cm (6.78 inch) Full HD+ Display64MP + 13MP + 5MP | 24MP Front Camera6000 mAh Lithium Polymer BatteryQualcomm Snapdragon 888 Plus (SM8350) Processor1 Year Brand Warranty,4.2
44,"realme GT 2 Pro (Steel Black, 128 GB)","₹49,999",8 GB RAM | 128 GB ROM17.02 cm (6.7 inch) Quad HD Display50MP + 50MP + 2MP | 32MP Front Camera5000 mAh Lithium Ion BatteryQualcomm Snapdragon 8 Gen 1 Mobile Platform Processor1 Year Manufacturer Warranty for Phone and 6 Months Warranty for In-Box Accessories,4.2
45,"Xiaomi 12 Pro 5G (Opera Mauve, 256 GB)","₹49,999",8 GB RAM | 256 GB ROM17.09 cm (6.73 inch) Full HD+ AMOLED Display50MP Rear Camera4600 mAh BatterySnapdragon@ 8 Gen 1 Processor12 Months,4.2
46,"SAMSUNG Galaxy S20 FE 5G (Cloud Navy, 128 GB)","₹30,980",8 GB RAM | 128 GB ROM16.51 cm (6.5 inch) Display12MP Rear Camera4500 mAh Battery1 Year Warranty,4
47,"IQOO 9T 5G (LEGEND, 128 GB)","₹49,499",8 GB RAM | 128 GB ROM17.22 cm (6.78 inch) Display50MP Rear Camera4700 mAh Battery1 Year,4.1
48,"SAMSUNG Galaxy S21 FE 5G (Olive, 128 GB)","₹34,999",8 GB RAM | 128 GB ROM16.26 cm (6.4 inch) Full HD+ Display12MP + 12MP + 8MP (OIS) | 32MP Front Camera4500 mAh Lithium-ion Battery1 Year Manufacturer Warranty for Device and 6 Months Manufacturer Warranty for In-Box Accessories,4.4
49,"SAMSUNG Galaxy S21 FE 5G (White, 128 GB)","₹34,999",8 GB RAM | 128 GB ROM16.26 cm (6.4 inch) Full HD+ Display12MP + 12MP + 8MP (OIS) | 32MP Front Camera4500 mAh Lithium-ion Battery1 Year Manufacturer Warranty for Device and 6 Months Manufacturer Warranty for In-Box Accessories,4.4
50,"SAMSUNG Galaxy Z Flip3 5G (Phantom Black, 128 GB)","₹49,999",8 GB RAM | 128 GB ROM17.02 cm (6.7 inch) Full HD+ Display12MP + 12MP | 10MP Front Camera3300 mAh Lithium-ion BatteryQualcomm Snapdragon 888 Octa-Core Processor1 Year Manufacturer Warranty for Device and 6 months Manufacturer Warranty for In-Box Accessories,4.4
51,"APPLE iPhone 11 (Black, 128 GB)","₹47,999",128 GB ROM15.49 cm (6.1 inch) Liquid Retina HD Display12MP + 12MP | 12MP Front CameraA13 Bionic Chip ProcessorBrand Warranty of 1 Year,4.6
52,"SAMSUNG Galaxy Z Flip3 5G (Cream, 128 GB)","₹49,999",8 GB RAM | 128 GB ROM17.02 cm (6.7 inch) Full HD+ Display12MP + 12MP | 10MP Front Camera3300 mAh Lithium-ion BatteryQualcomm Snapdragon 888 Octa-Core Processor1 Year Manufacturer Warranty for Device and 6 months Manufacturer Warranty for In-Box Accessories,4.4
53,"APPLE iPhone 11 (White, 128 GB)","₹47,999",128 GB ROM15.49 cm (6.1 inch) Liquid Retina HD Display12MP + 12MP | 12MP Front CameraA13 Bionic Chip ProcessorBrand Warranty of 1 Year,4.6
54,"APPLE iPhone 11 (Red, 128 GB)","₹47,999",128 GB ROM15.49 cm (6.1 inch) Liquid Retina HD Display12MP + 12MP | 12MP Front CameraA13 Bionic Chip ProcessorBrand Warranty of 1 Year,4.6
55,"APPLE iPhone 12 mini (Black, 64 GB)","₹49,999","64 GB ROM13.72 cm (5.4 inch) Super Retina XDR Display12MP + 12MP | 12MP Front CameraA14 Bionic Chip with Next Generation Neural Engine ProcessorCeramic ShieldIndustry-leading IP68 Water ResistanceAll Screen OLED Display12MP TrueDepth Front Camera with Night Mode, 4K Dolby Vision HDR RecordingBrand Warranty for 1 Year",4.5
56,"Xiaomi 11T Pro 5G Hyperphone (Celestial Magic, 128 GB)","₹36,990",8 GB RAM | 128 GB ROM16.94 cm (6.67 inch) Display108MP Rear Camera5000 mAh Battery1 Year,4
57,"APPLE iPhone 12 mini (White, 64 GB)","₹49,999","64 GB ROM13.72 cm (5.4 inch) Super Retina XDR Display12MP + 12MP | 12MP Front CameraA14 Bionic Chip with Next Generation Neural Engine ProcessorCeramic ShieldIndustry-leading IP68 Water ResistanceAll Screen OLED Display12MP TrueDepth Front Camera with Night Mode, 4K Dolby Vision HDR RecordingBrand Warranty for 1 Year",4.5
58,"OPPO Reno8 Pro 5G (Glazed Black, 256 GB)","₹45,999",12 GB RAM | 256 GB ROM17.02 cm (6.7 inch) Full HD+ AMOLED Display50MP + 8MP + 2MP | 32MP Front Camera4500 mAh Lithium-ion Polymer BatteryMediatek Dimensity 8100 Max Processor1 Year Warranty for Phone and 6 Months Warranty for In-Box Accessories,4.4
59,"IQOO 9T 5G (LEGEND, 128 GB)","₹49,499",8 GB RAM | 128 GB ROM17.22 cm (6.78 inch) Display50MP Rear Camera4700 mAh Battery1 Year,4.1
60,"realme X50 Pro (Moss Green, 256 GB)","₹47,999",12 GB RAM | 256 GB ROM16.36 cm (6.44 inch) Full HD+ Display64MP + 12MP + 8MP + 2MP | 32MP + 8MP Dual Front Camera4200 mAh Battery5G PhoneQualcomm Snapdragon 865 Processor65W Superdart ChargeBrand Warranty of 1 Year Available for Mobile and 6 Months for Accessories,4.4
61,"Mi 10T Pro (Cosmic Black, 128 GB)","₹47,999",8 GB RAM | 128 GB ROM16.94 cm (6.67 inch) Full HD+ Display108MP + 13MP + 5MP | 20MP Front Camera5000 mAh Li-ion Polymer BatteryQualcomm Snapdragon 865 Processor144Hz Intelligent AdaptiveSync Display33W Dual Split Flash Charge1 Year Manufacturer Warranty for Device and 6 Months Manufacturer Warranty for In-box Accessories,4.2
62,"LG Wing (Aurora Gray, 128 GB)","₹49,999",8 GB RAM | 128 GB ROM | Expandable Upto 2 TB17.27 cm (6.8 inch) Full HD+ Display64MP + 13MP + 12MP | 32MP Front Camera4000 mAh Lithium Polymer BatteryQualcomm Snapdragon 765G Processor1 Year Manufacturer Warranty for Device and 6 Months Manufacturer Warranty for In-box Accessories Including Batteries from the Date of Purchase,4.2
63,"realme X50 Pro 5G (Rust Red, 256 GB)","₹47,999",12 GB RAM | 256 GB ROM16.36 cm (6.44 inch) Full HD+ Display64MP + 12MP + 8MP + 2MP | 32MP + 8MP Dual Front Camera4200 mAh Battery5G PhoneQualcomm Snapdragon 865 Processor65W Superdart ChargeBrand Warranty of 1 Year Available for Mobile and 6 Months for Accessories,4.3
64,"realme GT 2 Pro (Paper White, 128 GB)","₹49,999",8 GB RAM | 128 GB ROM17.02 cm (6.7 inch) Quad HD Display50MP + 50MP + 2MP | 32MP Front Camera5000 mAh Lithium Ion BatteryQualcomm Snapdragon 8 Gen 1 Mobile Platform Processor1 Year Manufacturer Warranty for Phone and 6 Months Warranty for In-Box Accessories,4.2
65,"realme GT 2 Pro (Paper Green, 128 GB)","₹49,999",8 GB RAM | 128 GB ROM17.02 cm (6.7 inch) Quad HD Display50MP + 50MP + 2MP | 32MP Front Camera5000 mAh Lithium Ion BatteryQualcomm Snapdragon 8 Gen 1 Mobile Platform Processor1 Year Manufacturer Warranty for Phone and 6 Months Warranty for In-Box Accessories,4.2
66,"vivo X60 (Midnight Black, 256 GB)","₹46,990",12 GB RAM | 256 GB ROM16.66 cm (6.56 inch) Full HD+ Display48MP + 13MP + 13MP | 32MP Front Camera4300 mAh Lithium-ion BatteryQualcomm Snapdragon 870 ProcessorAMOLED Display1 Year for Handset and 6 Months for In-box Accessories,4.4
67,"ASUS ROG 5s (Phantom Black, 256 GB)","₹47,999",12 GB RAM | 256 GB ROM17.22 cm (6.78 inch) Full HD+ Display64MP + 13MP + 5MP | 24MP Front Camera6000 mAh Lithium Polymer BatteryQualcomm Snapdragon 888 Plus (SM8350) Processor1 Year Brand Warranty,4.2
68,"realme GT 2 Pro (Steel Black, 128 GB)","₹49,999",8 GB RAM | 128 GB ROM17.02 cm (6.7 inch) Quad HD Display50MP + 50MP + 2MP | 32MP Front Camera5000 mAh Lithium Ion BatteryQualcomm Snapdragon 8 Gen 1 Mobile Platform Processor1 Year Manufacturer Warranty for Phone and 6 Months Warranty for In-Box Accessories,4.2
69,"Xiaomi 12 Pro 5G (Opera Mauve, 256 GB)","₹49,999",8 GB RAM | 256 GB ROM17.09 cm (6.73 inch) Full HD+ AMOLED Display50MP Rear Camera4600 mAh BatterySnapdragon@ 8 Gen 1 Processor12 Months,4.2
70,"SAMSUNG Galaxy S20 FE 5G (Cloud Navy, 128 GB)","₹30,980",8 GB RAM | 128 GB ROM16.51 cm (6.5 inch) Display12MP Rear Camera4500 mAh Battery1 Year Warranty,4
71,"IQOO 9T 5G (LEGEND, 128 GB)","₹49,499",8 GB RAM | 128 GB ROM17.22 cm (6.78 inch) Display50MP Rear Camera4700 mAh Battery1 Year,4.1
72,"SAMSUNG Galaxy S21 FE 5G (Olive, 128 GB)","₹34,999",8 GB RAM | 128 GB ROM16.26 cm (6.4 inch) Full HD+ Display12MP + 12MP + 8MP (OIS) | 32MP Front Camera4500 mAh Lithium-ion Battery1 Year Manufacturer Warranty for Device and 6 Months Manufacturer Warranty for In-Box Accessories,4.4
73,"SAMSUNG Galaxy S21 FE 5G (White, 128 GB)","₹34,999",8 GB RAM | 128 GB ROM16.26 cm (6.4 inch) Full HD+ Display12MP + 12MP + 8MP (OIS) | 32MP Front Camera4500 mAh Lithium-ion Battery1 Year Manufacturer Warranty for Device and 6 Months Manufacturer Warranty for In-Box Accessories,4.4
74,"SAMSUNG Galaxy Z Flip3 5G (Phantom Black, 128 GB)","₹49,999",8 GB RAM | 128 GB ROM17.02 cm (6.7 inch) Full HD+ Display12MP + 12MP | 10MP Front Camera3300 mAh Lithium-ion BatteryQualcomm Snapdragon 888 Octa-Core Processor1 Year Manufacturer Warranty for Device and 6 months Manufacturer Warranty for In-Box Accessories,4.4
75,"APPLE iPhone 11 (Black, 128 GB)","₹47,999",128 GB ROM15.49 cm (6.1 inch) Liquid Retina HD Display12MP + 12MP | 12MP Front CameraA13 Bionic Chip ProcessorBrand Warranty of 1 Year,4.6
76,"SAMSUNG Galaxy Z Flip3 5G (Cream, 128 GB)","₹49,999",8 GB RAM | 128 GB ROM17.02 cm (6.7 inch) Full HD+ Display12MP + 12MP | 10MP Front Camera3300 mAh Lithium-ion BatteryQualcomm Snapdragon 888 Octa-Core Processor1 Year Manufacturer Warranty for Device and 6 months Manufacturer Warranty for In-Box Accessories,4.4
77,"APPLE iPhone 11 (White, 128 GB)","₹47,999",128 GB ROM15.49 cm (6.1 inch) Liquid Retina HD Display12MP + 12MP | 12MP Front CameraA13 Bionic Chip ProcessorBrand Warranty of 1 Year,4.6
78,"APPLE iPhone 11 (Red, 128 GB)","₹47,999",128 GB ROM15.49 cm (6.1 inch) Liquid Retina HD Display12MP + 12MP | 12MP Front CameraA13 Bionic Chip ProcessorBrand Warranty of 1 Year,4.6
79,"APPLE iPhone 12 mini (Black, 64 GB)","₹49,999","64 GB ROM13.72 cm (5.4 inch) Super Retina XDR Display12MP + 12MP | 12MP Front CameraA14 Bionic Chip with Next Generation Neural Engine ProcessorCeramic ShieldIndustry-leading IP68 Water ResistanceAll Screen OLED Display12MP TrueDepth Front Camera with Night Mode, 4K Dolby Vision HDR RecordingBrand Warranty for 1 Year",4.5
80,"Xiaomi 11T Pro 5G Hyperphone (Celestial Magic, 128 GB)","₹36,990",8 GB RAM | 128 GB ROM16.94 cm (6.67 inch) Display108MP Rear Camera5000 mAh Battery1 Year,4
81,"APPLE iPhone 12 mini (White, 64 GB)","₹49,999","64 GB ROM13.72 cm (5.4 inch) Super Retina XDR Display12MP + 12MP | 12MP Front CameraA14 Bionic Chip with Next Generation Neural Engine ProcessorCeramic ShieldIndustry-leading IP68 Water ResistanceAll Screen OLED Display12MP TrueDepth Front Camera with Night Mode, 4K Dolby Vision HDR RecordingBrand Warranty for 1 Year",4.5
82,"OPPO Reno8 Pro 5G (Glazed Black, 256 GB)","₹45,999",12 GB RAM | 256 GB ROM17.02 cm (6.7 inch) Full HD+ AMOLED Display50MP + 8MP + 2MP | 32MP Front Camera4500 mAh Lithium-ion Polymer BatteryMediatek Dimensity 8100 Max Processor1 Year Warranty for Phone and 6 Months Warranty for In-Box Accessories,4.4
83,"IQOO 9T 5G (LEGEND, 128 GB)","₹49,499",8 GB RAM | 128 GB ROM17.22 cm (6.78 inch) Display50MP Rear Camera4700 mAh Battery1 Year,4.1
84,"realme X50 Pro (Moss Green, 256 GB)","₹47,999",12 GB RAM | 256 GB ROM16.36 cm (6.44 inch) Full HD+ Display64MP + 12MP + 8MP + 2MP | 32MP + 8MP Dual Front Camera4200 mAh Battery5G PhoneQualcomm Snapdragon 865 Processor65W Superdart ChargeBrand Warranty of 1 Year Available for Mobile and 6 Months for Accessories,4.4
85,"Mi 10T Pro (Cosmic Black, 128 GB)","₹47,999",8 GB RAM | 128 GB ROM16.94 cm (6.67 inch) Full HD+ Display108MP + 13MP + 5MP | 20MP Front Camera5000 mAh Li-ion Polymer BatteryQualcomm Snapdragon 865 Processor144Hz Intelligent AdaptiveSync Display33W Dual Split Flash Charge1 Year Manufacturer Warranty for Device and 6 Months Manufacturer Warranty for In-box Accessories,4.2
86,"LG Wing (Aurora Gray, 128 GB)","₹49,999",8 GB RAM | 128 GB ROM | Expandable Upto 2 TB17.27 cm (6.8 inch) Full HD+ Display64MP + 13MP + 12MP | 32MP Front Camera4000 mAh Lithium Polymer BatteryQualcomm Snapdragon 765G Processor1 Year Manufacturer Warranty for Device and 6 Months Manufacturer Warranty for In-box Accessories Including Batteries from the Date of Purchase,4.2
87,"realme X50 Pro 5G (Rust Red, 256 GB)","₹47,999",12 GB RAM | 256 GB ROM16.36 cm (6.44 inch) Full HD+ Display64MP + 12MP + 8MP + 2MP | 32MP + 8MP Dual Front Camera4200 mAh Battery5G PhoneQualcomm Snapdragon 865 Processor65W Superdart ChargeBrand Warranty of 1 Year Available for Mobile and 6 Months for Accessories,4.3
88,"realme GT 2 Pro (Paper White, 128 GB)","₹49,999",8 GB RAM | 128 GB ROM17.02 cm (6.7 inch) Quad HD Display50MP + 50MP + 2MP | 32MP Front Camera5000 mAh Lithium Ion BatteryQualcomm Snapdragon 8 Gen 1 Mobile Platform Processor1 Year Manufacturer Warranty for Phone and 6 Months Warranty for In-Box Accessories,4.2
89,"realme GT 2 Pro (Paper Green, 128 GB)","₹49,999",8 GB RAM | 128 GB ROM17.02 cm (6.7 inch) Quad HD Display50MP + 50MP + 2MP | 32MP Front Camera5000 mAh Lithium Ion BatteryQualcomm Snapdragon 8 Gen 1 Mobile Platform Processor1 Year Manufacturer Warranty for Phone and 6 Months Warranty for In-Box Accessories,4.2
90,"vivo X60 (Midnight Black, 256 GB)","₹46,990",12 GB RAM | 256 GB ROM16.66 cm (6.56 inch) Full HD+ Display48MP + 13MP + 13MP | 32MP Front Camera4300 mAh Lithium-ion BatteryQualcomm Snapdragon 870 ProcessorAMOLED Display1 Year for Handset and 6 Months for In-box Accessories,4.4
91,"ASUS ROG 5s (Phantom Black, 256 GB)","₹47,999",12 GB RAM | 256 GB ROM17.22 cm (6.78 inch) Full HD+ Display64MP + 13MP + 5MP | 24MP Front Camera6000 mAh Lithium Polymer BatteryQualcomm Snapdragon 888 Plus (SM8350) Processor1 Year Brand Warranty,4.2
92,"realme GT 2 Pro (Steel Black, 128 GB)","₹49,999",8 GB RAM | 128 GB ROM17.02 cm (6.7 inch) Quad HD Display50MP + 50MP + 2MP | 32MP Front Camera5000 mAh Lithium Ion BatteryQualcomm Snapdragon 8 Gen 1 Mobile Platform Processor1 Year Manufacturer Warranty for Phone and 6 Months Warranty for In-Box Accessories,4.2
93,"Xiaomi 12 Pro 5G (Opera Mauve, 256 GB)","₹49,999",8 GB RAM | 256 GB ROM17.09 cm (6.73 inch) Full HD+ AMOLED Display50MP Rear Camera4600 mAh BatterySnapdragon@ 8 Gen 1 Processor12 Months,4.2
94,"SAMSUNG Galaxy S20 FE 5G (Cloud Navy, 128 GB)","₹30,980",8 GB RAM | 128 GB ROM16.51 cm (6.5 inch) Display12MP Rear Camera4500 mAh Battery1 Year Warranty,4
95,"IQOO 9T 5G (LEGEND, 128 GB)","₹49,499",8 GB RAM | 128 GB ROM17.22 cm (6.78 inch) Display50MP Rear Camera4700 mAh Battery1 Year,4.1
96,"SAMSUNG Galaxy S21 FE 5G (Olive, 128 GB)","₹34,999",8 GB RAM | 128 GB ROM16.26 cm (6.4 inch) Full HD+ Display12MP + 12MP + 8MP (OIS) | 32MP Front Camera4500 mAh Lithium-ion Battery1 Year Manufacturer Warranty for Device and 6 Months Manufacturer Warranty for In-Box Accessories,4.4
97,"SAMSUNG Galaxy S21 FE 5G (White, 128 GB)","₹34,999",8 GB RAM | 128 GB ROM16.26 cm (6.4 inch) Full HD+ Display12MP + 12MP + 8MP (OIS) | 32MP Front Camera4500 mAh Lithium-ion Battery1 Year Manufacturer Warranty for Device and 6 Months Manufacturer Warranty for In-Box Accessories,4.4
98,"SAMSUNG Galaxy Z Flip3 5G (Phantom Black, 128 GB)","₹49,999",8 GB RAM | 128 GB ROM17.02 cm (6.7 inch) Full HD+ Display12MP + 12MP | 10MP Front Camera3300 mAh Lithium-ion BatteryQualcomm Snapdragon 888 Octa-Core Processor1 Year Manufacturer Warranty for Device and 6 months Manufacturer Warranty for In-Box Accessories,4.4
99,"APPLE iPhone 11 (Black, 128 GB)","₹47,999",128 GB ROM15.49 cm (6.1 inch) Liquid Retina HD Display12MP + 12MP | 12MP Front CameraA13 Bionic Chip ProcessorBrand Warranty of 1 Year,4.6
100,"SAMSUNG Galaxy Z Flip3 5G (Cream, 128 GB)","₹49,999",8 GB RAM | 128 GB ROM17.02 cm (6.7 inch) Full HD+ Display12MP + 12MP | 10MP Front Camera3300 mAh Lithium-ion BatteryQualcomm Snapdragon 888 Octa-Core Processor1 Year Manufacturer Warranty for Device and 6 months Manufacturer Warranty for In-Box Accessories,4.4
101,"APPLE iPhone 11 (White, 128 GB)","₹47,999",128 GB ROM15.49 cm (6.1 inch) Liquid Retina HD Display12MP + 12MP | 12MP Front CameraA13 Bionic Chip ProcessorBrand Warranty of 1 Year,4.6
102,"APPLE iPhone 11 (Red, 128 GB)","₹47,999",128 GB ROM15.49 cm (6.1 inch) Liquid Retina HD Display12MP + 12MP | 12MP Front CameraA13 Bionic Chip ProcessorBrand Warranty of 1 Year,4.6
103,"APPLE iPhone 12 mini (Black, 64 GB)","₹49,999","64 GB ROM13.72 cm (5.4 inch) Super Retina XDR Display12MP + 12MP | 12MP Front CameraA14 Bionic Chip with Next Generation Neural Engine ProcessorCeramic ShieldIndustry-leading IP68 Water ResistanceAll Screen OLED Display12MP TrueDepth Front Camera with Night Mode, 4K Dolby Vision HDR RecordingBrand Warranty for 1 Year",4.5
104,"Xiaomi 11T Pro 5G Hyperphone (Celestial Magic, 128 GB)","₹36,990",8 GB RAM | 128 GB ROM16.94 cm (6.67 inch) Display108MP Rear Camera5000 mAh Battery1 Year,4
105,"APPLE iPhone 12 mini (White, 64 GB)","₹49,999","64 GB ROM13.72 cm (5.4 inch) Super Retina XDR Display12MP + 12MP | 12MP Front CameraA14 Bionic Chip with Next Generation Neural Engine ProcessorCeramic ShieldIndustry-leading IP68 Water ResistanceAll Screen OLED Display12MP TrueDepth Front Camera with Night Mode, 4K Dolby Vision HDR RecordingBrand Warranty for 1 Year",4.5
106,"OPPO Reno8 Pro 5G (Glazed Black, 256 GB)","₹45,999",12 GB RAM | 256 GB ROM17.02 cm (6.7 inch) Full HD+ AMOLED Display50MP + 8MP + 2MP | 32MP Front Camera4500 mAh Lithium-ion Polymer BatteryMediatek Dimensity 8100 Max Processor1 Year Warranty for Phone and 6 Months Warranty for In-Box Accessories,4.4
107,"IQOO 9T 5G (LEGEND, 128 GB)","₹49,499",8 GB RAM | 128 GB ROM17.22 cm (6.78 inch) Display50MP Rear Camera4700 mAh Battery1 Year,4.1
108,"realme X50 Pro (Moss Green, 256 GB)","₹47,999",12 GB RAM | 256 GB ROM16.36 cm (6.44 inch) Full HD+ Display64MP + 12MP + 8MP + 2MP | 32MP + 8MP Dual Front Camera4200 mAh Battery5G PhoneQualcomm Snapdragon 865 Processor65W Superdart ChargeBrand Warranty of 1 Year Available for Mobile and 6 Months for Accessories,4.4
109,"Mi 10T Pro (Cosmic Black, 128 GB)","₹47,999",8 GB RAM | 128 GB ROM16.94 cm (6.67 inch) Full HD+ Display108MP + 13MP + 5MP | 20MP Front Camera5000 mAh Li-ion Polymer BatteryQualcomm Snapdragon 865 Processor144Hz Intelligent AdaptiveSync Display33W Dual Split Flash Charge1 Year Manufacturer Warranty for Device and 6 Months Manufacturer Warranty for In-box Accessories,4.2
110,"LG Wing (Aurora Gray, 128 GB)","₹49,999",8 GB RAM | 128 GB ROM | Expandable Upto 2 TB17.27 cm (6.8 inch) Full HD+ Display64MP + 13MP + 12MP | 32MP Front Camera4000 mAh Lithium Polymer BatteryQualcomm Snapdragon 765G Processor1 Year Manufacturer Warranty for Device and 6 Months Manufacturer Warranty for In-box Accessories Including Batteries from the Date of Purchase,4.2
111,"realme X50 Pro 5G (Rust Red, 256 GB)","₹47,999",12 GB RAM | 256 GB ROM16.36 cm (6.44 inch) Full HD+ Display64MP + 12MP + 8MP + 2MP | 32MP + 8MP Dual Front Camera4200 mAh Battery5G PhoneQualcomm Snapdragon 865 Processor65W Superdart ChargeBrand Warranty of 1 Year Available for Mobile and 6 Months for Accessories,4.3
112,"realme GT 2 Pro (Paper White, 128 GB)","₹49,999",8 GB RAM | 128 GB ROM17.02 cm (6.7 inch) Quad HD Display50MP + 50MP + 2MP | 32MP Front Camera5000 mAh Lithium Ion BatteryQualcomm Snapdragon 8 Gen 1 Mobile Platform Processor1 Year Manufacturer Warranty for Phone and 6 Months Warranty for In-Box Accessories,4.2
113,"realme GT 2 Pro (Paper Green, 128 GB)","₹49,999",8 GB RAM | 128 GB ROM17.02 cm (6.7 inch) Quad HD Display50MP + 50MP + 2MP | 32MP Front Camera5000 mAh Lithium Ion BatteryQualcomm Snapdragon 8 Gen 1 Mobile Platform Processor1 Year Manufacturer Warranty for Phone and 6 Months Warranty for In-Box Accessories,4.2
114,"vivo X60 (Midnight Black, 256 GB)","₹46,990",12 GB RAM | 256 GB ROM16.66 cm (6.56 inch) Full HD+ Display48MP + 13MP + 13MP | 32MP Front Camera4300 mAh Lithium-ion BatteryQualcomm Snapdragon 870 ProcessorAMOLED Display1 Year for Handset and 6 Months for In-box Accessories,4.4
115,"ASUS ROG 5s (Phantom Black, 256 GB)","₹47,999",12 GB RAM | 256 GB ROM17.22 cm (6.78 inch) Full HD+ Display64MP + 13MP + 5MP | 24MP Front Camera6000 mAh Lithium Polymer BatteryQualcomm Snapdragon 888 Plus (SM8350) Processor1 Year Brand Warranty,4.2
116,"realme GT 2 Pro (Steel Black, 128 GB)","₹49,999",8 GB RAM | 128 GB ROM17.02 cm (6.7 inch) Quad HD Display50MP + 50MP + 2MP | 32MP Front Camera5000 mAh Lithium Ion BatteryQualcomm Snapdragon 8 Gen 1 Mobile Platform Processor1 Year Manufacturer Warranty for Phone and 6 Months Warranty for In-Box Accessories,4.2
117,"Xiaomi 12 Pro 5G (Opera Mauve, 256 GB)","₹49,999",8 GB RAM | 256 GB ROM17.09 cm (6.73 inch) Full HD+ AMOLED Display50MP Rear Camera4600 mAh BatterySnapdragon@ 8 Gen 1 Processor12 Months,4.2
118,"SAMSUNG Galaxy S20 FE 5G (Cloud Navy, 128 GB)","₹30,980",8 GB RAM | 128 GB ROM16.51 cm (6.5 inch) Display12MP Rear Camera4500 mAh Battery1 Year Warranty,4
119,"IQOO 9T 5G (LEGEND, 128 GB)","₹49,499",8 GB RAM | 128 GB ROM17.22 cm (6.78 inch) Display50MP Rear Camera4700 mAh Battery1 Year,4.1
120,"SAMSUNG Galaxy S21 FE 5G (Olive, 128 GB)","₹34,999",8 GB RAM | 128 GB ROM16.26 cm (6.4 inch) Full HD+ Display12MP + 12MP + 8MP (OIS) | 32MP Front Camera4500 mAh Lithium-ion Battery1 Year Manufacturer Warranty for Device and 6 Months Manufacturer Warranty for In-Box Accessories,4.4
121,"SAMSUNG Galaxy S21 FE 5G (White, 128 GB)","₹34,999",8 GB RAM | 128 GB ROM16.26 cm (6.4 inch) Full HD+ Display12MP + 12MP + 8MP (OIS) | 32MP Front Camera4500 mAh Lithium-ion Battery1 Year Manufacturer Warranty for Device and 6 Months Manufacturer Warranty for In-Box Accessories,4.4
122,"SAMSUNG Galaxy Z Flip3 5G (Phantom Black, 128 GB)","₹49,999",8 GB RAM | 128 GB ROM17.02 cm (6.7 inch) Full HD+ Display12MP + 12MP | 10MP Front Camera3300 mAh Lithium-ion BatteryQualcomm Snapdragon 888 Octa-Core Processor1 Year Manufacturer Warranty for Device and 6 months Manufacturer Warranty for In-Box Accessories,4.4
123,"APPLE iPhone 11 (Black, 128 GB)","₹47,999",128 GB ROM15.49 cm (6.1 inch) Liquid Retina HD Display12MP + 12MP | 12MP Front CameraA13 Bionic Chip ProcessorBrand Warranty of 1 Year,4.6
124,"SAMSUNG Galaxy Z Flip3 5G (Cream, 128 GB)","₹49,999",8 GB RAM | 128 GB ROM17.02 cm (6.7 inch) Full HD+ Display12MP + 12MP | 10MP Front Camera3300 mAh Lithium-ion BatteryQualcomm Snapdragon 888 Octa-Core Processor1 Year Manufacturer Warranty for Device and 6 months Manufacturer Warranty for In-Box Accessories,4.4
125,"APPLE iPhone 11 (White, 128 GB)","₹47,999",128 GB ROM15.49 cm (6.1 inch) Liquid Retina HD Display12MP + 12MP | 12MP Front CameraA13 Bionic Chip ProcessorBrand Warranty of 1 Year,4.6
126,"APPLE iPhone 11 (Red, 128 GB)","₹47,999",128 GB ROM15.49 cm (6.1 inch) Liquid Retina HD Display12MP + 12MP | 12MP Front CameraA13 Bionic Chip ProcessorBrand Warranty of 1 Year,4.6
127,"APPLE iPhone 12 mini (Black, 64 GB)","₹49,999","64 GB ROM13.72 cm (5.4 inch) Super Retina XDR Display12MP + 12MP | 12MP Front CameraA14 Bionic Chip with Next Generation Neural Engine ProcessorCeramic ShieldIndustry-leading IP68 Water ResistanceAll Screen OLED Display12MP TrueDepth Front Camera with Night Mode, 4K Dolby Vision HDR RecordingBrand Warranty for 1 Year",4.5
128,"Xiaomi 11T Pro 5G Hyperphone (Celestial Magic, 128 GB)","₹36,990",8 GB RAM | 128 GB ROM16.94 cm (6.67 inch) Display108MP Rear Camera5000 mAh Battery1 Year,4
129,"APPLE iPhone 12 mini (White, 64 GB)","₹49,999","64 GB ROM13.72 cm (5.4 inch) Super Retina XDR Display12MP + 12MP | 12MP Front CameraA14 Bionic Chip with Next Generation Neural Engine ProcessorCeramic ShieldIndustry-leading IP68 Water ResistanceAll Screen OLED Display12MP TrueDepth Front Camera with Night Mode, 4K Dolby Vision HDR RecordingBrand Warranty for 1 Year",4.5
130,"OPPO Reno8 Pro 5G (Glazed Black, 256 GB)","₹45,999",12 GB RAM | 256 GB ROM17.02 cm (6.7 inch) Full HD+ AMOLED Display50MP + 8MP + 2MP | 32MP Front Camera4500 mAh Lithium-ion Polymer BatteryMediatek Dimensity 8100 Max Processor1 Year Warranty for Phone and 6 Months Warranty for In-Box Accessories,4.4
131,"IQOO 9T 5G (LEGEND, 128 GB)","₹49,499",8 GB RAM | 128 GB ROM17.22 cm (6.78 inch) Display50MP Rear Camera4700 mAh Battery1 Year,4.1
132,"realme X50 Pro (Moss Green, 256 GB)","₹47,999",12 GB RAM | 256 GB ROM16.36 cm (6.44 inch) Full HD+ Display64MP + 12MP + 8MP + 2MP | 32MP + 8MP Dual Front Camera4200 mAh Battery5G PhoneQualcomm Snapdragon 865 Processor65W Superdart ChargeBrand Warranty of 1 Year Available for Mobile and 6 Months for Accessories,4.4
133,"Mi 10T Pro (Cosmic Black, 128 GB)","₹47,999",8 GB RAM | 128 GB ROM16.94 cm (6.67 inch) Full HD+ Display108MP + 13MP + 5MP | 20MP Front Camera5000 mAh Li-ion Polymer BatteryQualcomm Snapdragon 865 Processor144Hz Intelligent AdaptiveSync Display33W Dual Split Flash Charge1 Year Manufacturer Warranty for Device and 6 Months Manufacturer Warranty for In-box Accessories,4.2
134,"LG Wing (Aurora Gray, 128 GB)","₹49,999",8 GB RAM | 128 GB ROM | Expandable Upto 2 TB17.27 cm (6.8 inch) Full HD+ Display64MP + 13MP + 12MP | 32MP Front Camera4000 mAh Lithium Polymer BatteryQualcomm Snapdragon 765G Processor1 Year Manufacturer Warranty for Device and 6 Months Manufacturer Warranty for In-box Accessories Including Batteries from the Date of Purchase,4.2
135,"realme X50 Pro 5G (Rust Red, 256 GB)","₹47,999",12 GB RAM | 256 GB ROM16.36 cm (6.44 inch) Full HD+ Display64MP + 12MP + 8MP + 2MP | 32MP + 8MP Dual Front Camera4200 mAh Battery5G PhoneQualcomm Snapdragon 865 Processor65W Superdart ChargeBrand Warranty of 1 Year Available for Mobile and 6 Months for Accessories,4.3
136,"realme GT 2 Pro (Paper White, 128 GB)","₹49,999",8 GB RAM | 128 GB ROM17.02 cm (6.7 inch) Quad HD Display50MP + 50MP + 2MP | 32MP Front Camera5000 mAh Lithium Ion BatteryQualcomm Snapdragon 8 Gen 1 Mobile Platform Processor1 Year Manufacturer Warranty for Phone and 6 Months Warranty for In-Box Accessories,4.2
137,"realme GT 2 Pro (Paper Green, 128 GB)","₹49,999",8 GB RAM | 128 GB ROM17.02 cm (6.7 inch) Quad HD Display50MP + 50MP + 2MP | 32MP Front Camera5000 mAh Lithium Ion BatteryQualcomm Snapdragon 8 Gen 1 Mobile Platform Processor1 Year Manufacturer Warranty for Phone and 6 Months Warranty for In-Box Accessories,4.2
138,"vivo X60 (Midnight Black, 256 GB)","₹46,990",12 GB RAM | 256 GB ROM16.66 cm (6.56 inch) Full HD+ Display48MP + 13MP + 13MP | 32MP Front Camera4300 mAh Lithium-ion BatteryQualcomm Snapdragon 870 ProcessorAMOLED Display1 Year for Handset and 6 Months for In-box Accessories,4.4
139,"ASUS ROG 5s (Phantom Black, 256 GB)","₹47,999",12 GB RAM | 256 GB ROM17.22 cm (6.78 inch) Full HD+ Display64MP + 13MP + 5MP | 24MP Front Camera6000 mAh Lithium Polymer BatteryQualcomm Snapdragon 888 Plus (SM8350) Processor1 Year Brand Warranty,4.2
140,"realme GT 2 Pro (Steel Black, 128 GB)","₹49,999",8 GB RAM | 128 GB ROM17.02 cm (6.7 inch) Quad HD Display50MP + 50MP + 2MP | 32MP Front Camera5000 mAh Lithium Ion BatteryQualcomm Snapdragon 8 Gen 1 Mobile Platform Processor1 Year Manufacturer Warranty for Phone and 6 Months Warranty for In-Box Accessories,4.2
141,"Xiaomi 12 Pro 5G (Opera Mauve, 256 GB)","₹49,999",8 GB RAM | 256 GB ROM17.09 cm (6.73 inch) Full HD+ AMOLED Display50MP Rear Camera4600 mAh BatterySnapdragon@ 8 Gen 1 Processor12 Months,4.2
142,"SAMSUNG Galaxy S20 FE 5G (Cloud Navy, 128 GB)","₹30,980",8 GB RAM | 128 GB ROM16.51 cm (6.5 inch) Display12MP Rear Camera4500 mAh Battery1 Year Warranty,4
143,"IQOO 9T 5G (LEGEND, 128 GB)","₹49,499",8 GB RAM | 128 GB ROM17.22 cm (6.78 inch) Display50MP Rear Camera4700 mAh Battery1 Year,4.1
144,"SAMSUNG Galaxy S21 FE 5G (Olive, 128 GB)","₹34,999",8 GB RAM | 128 GB ROM16.26 cm (6.4 inch) Full HD+ Display12MP + 12MP + 8MP (OIS) | 32MP Front Camera4500 mAh Lithium-ion Battery1 Year Manufacturer Warranty for Device and 6 Months Manufacturer Warranty for In-Box Accessories,4.4
145,"SAMSUNG Galaxy S21 FE 5G (White, 128 GB)","₹34,999",8 GB RAM | 128 GB ROM16.26 cm (6.4 inch) Full HD+ Display12MP + 12MP + 8MP (OIS) | 32MP Front Camera4500 mAh Lithium-ion Battery1 Year Manufacturer Warranty for Device and 6 Months Manufacturer Warranty for In-Box Accessories,4.4
146,"SAMSUNG Galaxy Z Flip3 5G (Phantom Black, 128 GB)","₹49,999",8 GB RAM | 128 GB ROM17.02 cm (6.7 inch) Full HD+ Display12MP + 12MP | 10MP Front Camera3300 mAh Lithium-ion BatteryQualcomm Snapdragon 888 Octa-Core Processor1 Year Manufacturer Warranty for Device and 6 months Manufacturer Warranty for In-Box Accessories,4.4
147,"APPLE iPhone 11 (Black, 128 GB)","₹47,999",128 GB ROM15.49 cm (6.1 inch) Liquid Retina HD Display12MP + 12MP | 12MP Front CameraA13 Bionic Chip ProcessorBrand Warranty of 1 Year,4.6
148,"SAMSUNG Galaxy Z Flip3 5G (Cream, 128 GB)","₹49,999",8 GB RAM | 128 GB ROM17.02 cm (6.7 inch) Full HD+ Display12MP + 12MP | 10MP Front Camera3300 mAh Lithium-ion BatteryQualcomm Snapdragon 888 Octa-Core Processor1 Year Manufacturer Warranty for Device and 6 months Manufacturer Warranty for In-Box Accessories,4.4
149,"APPLE iPhone 11 (White, 128 GB)","₹47,999",128 GB ROM15.49 cm (6.1 inch) Liquid Retina HD Display12MP + 12MP | 12MP Front CameraA13 Bionic Chip ProcessorBrand Warranty of 1 Year,4.6
150,"APPLE iPhone 11 (Red, 128 GB)","₹47,999",128 GB ROM15.49 cm (6.1 inch) Liquid Retina HD Display12MP + 12MP | 12MP Front CameraA13 Bionic Chip ProcessorBrand Warranty of 1 Year,4.6
151,"APPLE iPhone 12 mini (Black, 64 GB)","₹49,999","64 GB ROM13.72 cm (5.4 inch) Super Retina XDR Display12MP + 12MP | 12MP Front CameraA14 Bionic Chip with Next Generation Neural Engine ProcessorCeramic ShieldIndustry-leading IP68 Water ResistanceAll Screen OLED Display12MP TrueDepth Front Camera with Night Mode, 4K Dolby Vision HDR RecordingBrand Warranty for 1 Year",4.5
152,"Xiaomi 11T Pro 5G Hyperphone (Celestial Magic, 128 GB)","₹36,990",8 GB RAM | 128 GB ROM16.94 cm (6.67 inch) Display108MP Rear Camera5000 mAh Battery1 Year,4
153,"APPLE iPhone 12 mini (White, 64 GB)","₹49,999","64 GB ROM13.72 cm (5.4 inch) Super Retina XDR Display12MP + 12MP | 12MP Front CameraA14 Bionic Chip with Next Generation Neural Engine ProcessorCeramic ShieldIndustry-leading IP68 Water ResistanceAll Screen OLED Display12MP TrueDepth Front Camera with Night Mode, 4K Dolby Vision HDR RecordingBrand Warranty for 1 Year",4.5
154,"OPPO Reno8 Pro 5G (Glazed Black, 256 GB)","₹45,999",12 GB RAM | 256 GB ROM17.02 cm (6.7 inch) Full HD+ AMOLED Display50MP + 8MP + 2MP | 32MP Front Camera4500 mAh Lithium-ion Polymer BatteryMediatek Dimensity 8100 Max Processor1 Year Warranty for Phone and 6 Months Warranty for In-Box Accessories,4.4
155,"IQOO 9T 5G (LEGEND, 128 GB)","₹49,499",8 GB RAM | 128 GB ROM17.22 cm (6.78 inch) Display50MP Rear Camera4700 mAh Battery1 Year,4.1
156,"realme X50 Pro (Moss Green, 256 GB)","₹47,999",12 GB RAM | 256 GB ROM16.36 cm (6.44 inch) Full HD+ Display64MP + 12MP + 8MP + 2MP | 32MP + 8MP Dual Front Camera4200 mAh Battery5G PhoneQualcomm Snapdragon 865 Processor65W Superdart ChargeBrand Warranty of 1 Year Available for Mobile and 6 Months for Accessories,4.4
157,"Mi 10T Pro (Cosmic Black, 128 GB)","₹47,999",8 GB RAM | 128 GB ROM16.94 cm (6.67 inch) Full HD+ Display108MP + 13MP + 5MP | 20MP Front Camera5000 mAh Li-ion Polymer BatteryQualcomm Snapdragon 865 Processor144Hz Intelligent AdaptiveSync Display33W Dual Split Flash Charge1 Year Manufacturer Warranty for Device and 6 Months Manufacturer Warranty for In-box Accessories,4.2
158,"LG Wing (Aurora Gray, 128 GB)","₹49,999",8 GB RAM | 128 GB ROM | Expandable Upto 2 TB17.27 cm (6.8 inch) Full HD+ Display64MP + 13MP + 12MP | 32MP Front Camera4000 mAh Lithium Polymer BatteryQualcomm Snapdragon 765G Processor1 Year Manufacturer Warranty for Device and 6 Months Manufacturer Warranty for In-box Accessories Including Batteries from the Date of Purchase,4.2
159,"realme X50 Pro 5G (Rust Red, 256 GB)","₹47,999",12 GB RAM | 256 GB ROM16.36 cm (6.44 inch) Full HD+ Display64MP + 12MP + 8MP + 2MP | 32MP + 8MP Dual Front Camera4200 mAh Battery5G PhoneQualcomm Snapdragon 865 Processor65W Superdart ChargeBrand Warranty of 1 Year Available for Mobile and 6 Months for Accessories,4.3
160,"realme GT 2 Pro (Paper White, 128 GB)","₹49,999",8 GB RAM | 128 GB ROM17.02 cm (6.7 inch) Quad HD Display50MP + 50MP + 2MP | 32MP Front Camera5000 mAh Lithium Ion BatteryQualcomm Snapdragon 8 Gen 1 Mobile Platform Processor1 Year Manufacturer Warranty for Phone and 6 Months Warranty for In-Box Accessories,4.2
161,"realme GT 2 Pro (Paper Green, 128 GB)","₹49,999",8 GB RAM | 128 GB ROM17.02 cm (6.7 inch) Quad HD Display50MP + 50MP + 2MP | 32MP Front Camera5000 mAh Lithium Ion BatteryQualcomm Snapdragon 8 Gen 1 Mobile Platform Processor1 Year Manufacturer Warranty for Phone and 6 Months Warranty for In-Box Accessories,4.2
162,"vivo X60 (Midnight Black, 256 GB)","₹46,990",12 GB RAM | 256 GB ROM16.66 cm (6.56 inch) Full HD+ Display48MP + 13MP + 13MP | 32MP Front Camera4300 mAh Lithium-ion BatteryQualcomm Snapdragon 870 ProcessorAMOLED Display1 Year for Handset and 6 Months for In-box Accessories,4.4
163,"ASUS ROG 5s (Phantom Black, 256 GB)","₹47,999",12 GB RAM | 256 GB ROM17.22 cm (6.78 inch) Full HD+ Display64MP + 13MP + 5MP | 24MP Front Camera6000 mAh Lithium Polymer BatteryQualcomm Snapdragon 888 Plus (SM8350) Processor1 Year Brand Warranty,4.2
164,"realme GT 2 Pro (Steel Black, 128 GB)","₹49,999",8 GB RAM | 128 GB ROM17.02 cm (6.7 inch) Quad HD Display50MP + 50MP + 2MP | 32MP Front Camera5000 mAh Lithium Ion BatteryQualcomm Snapdragon 8 Gen 1 Mobile Platform Processor1 Year Manufacturer Warranty for Phone and 6 Months Warranty for In-Box Accessories,4.2
165,"Xiaomi 12 Pro 5G (Opera Mauve, 256 GB)","₹49,999",8 GB RAM | 256 GB ROM17.09 cm (6.73 inch) Full HD+ AMOLED Display50MP Rear Camera4600 mAh BatterySnapdragon@ 8 Gen 1 Processor12 Months,4.2
166,"SAMSUNG Galaxy S20 FE 5G (Cloud Navy, 128 GB)","₹30,980",8 GB RAM | 128 GB ROM16.51 cm (6.5 inch) Display12MP Rear Camera4500 mAh Battery1 Year Warranty,4
167,"IQOO 9T 5G (LEGEND, 128 GB)","₹49,499",8 GB RAM | 128 GB ROM17.22 cm (6.78 inch) Display50MP Rear Camera4700 mAh Battery1 Year,4.1
168,"SAMSUNG Galaxy S21 FE 5G (Olive, 128 GB)","₹34,999",8 GB RAM | 128 GB ROM16.26 cm (6.4 inch) Full HD+ Display12MP + 12MP + 8MP (OIS) | 32MP Front Camera4500 mAh Lithium-ion Battery1 Year Manufacturer Warranty for Device and 6 Months Manufacturer Warranty for In-Box Accessories,4.4
169,"SAMSUNG Galaxy S21 FE 5G (White, 128 GB)","₹34,999",8 GB RAM | 128 GB ROM16.26 cm (6.4 inch) Full HD+ Display12MP + 12MP + 8MP (OIS) | 32MP Front Camera4500 mAh Lithium-ion Battery1 Year Manufacturer Warranty for Device and 6 Months Manufacturer Warranty for In-Box Accessories,4.4
170,"SAMSUNG Galaxy Z Flip3 5G (Phantom Black, 128 GB)","₹49,999",8 GB RAM | 128 GB ROM17.02 cm (6.7 inch) Full HD+ Display12MP + 12MP | 10MP Front Camera3300 mAh Lithium-ion BatteryQualcomm Snapdragon 888 Octa-Core Processor1 Year Manufacturer Warranty for Device and 6 months Manufacturer Warranty for In-Box Accessories,4.4
171,"APPLE iPhone 11 (Black, 128 GB)","₹47,999",128 GB ROM15.49 cm (6.1 inch) Liquid Retina HD Display12MP + 12MP | 12MP Front CameraA13 Bionic Chip ProcessorBrand Warranty of 1 Year,4.6
172,"SAMSUNG Galaxy Z Flip3 5G (Cream, 128 GB)","₹49,999",8 GB RAM | 128 GB ROM17.02 cm (6.7 inch) Full HD+ Display12MP + 12MP | 10MP Front Camera3300 mAh Lithium-ion BatteryQualcomm Snapdragon 888 Octa-Core Processor1 Year Manufacturer Warranty for Device and 6 months Manufacturer Warranty for In-Box Accessories,4.4
173,"APPLE iPhone 11 (White, 128 GB)","₹47,999",128 GB ROM15.49 cm (6.1 inch) Liquid Retina HD Display12MP + 12MP | 12MP Front CameraA13 Bionic Chip ProcessorBrand Warranty of 1 Year,4.6
174,"APPLE iPhone 11 (Red, 128 GB)","₹47,999",128 GB ROM15.49 cm (6.1 inch) Liquid Retina HD Display12MP + 12MP | 12MP Front CameraA13 Bionic Chip ProcessorBrand Warranty of 1 Year,4.6
175,"APPLE iPhone 12 mini (Black, 64 GB)","₹49,999","64 GB ROM13.72 cm (5.4 inch) Super Retina XDR Display12MP + 12MP | 12MP Front CameraA14 Bionic Chip with Next Generation Neural Engine ProcessorCeramic ShieldIndustry-leading IP68 Water ResistanceAll Screen OLED Display12MP TrueDepth Front Camera with Night Mode, 4K Dolby Vision HDR RecordingBrand Warranty for 1 Year",4.5
176,"Xiaomi 11T Pro 5G Hyperphone (Celestial Magic, 128 GB)","₹36,990",8 GB RAM | 128 GB ROM16.94 cm (6.67 inch) Display108MP Rear Camera5000 mAh Battery1 Year,4
177,"APPLE iPhone 12 mini (White, 64 GB)","₹49,999","64 GB ROM13.72 cm (5.4 inch) Super Retina XDR Display12MP + 12MP | 12MP Front CameraA14 Bionic Chip with Next Generation Neural Engine ProcessorCeramic ShieldIndustry-leading IP68 Water ResistanceAll Screen OLED Display12MP TrueDepth Front Camera with Night Mode, 4K Dolby Vision HDR RecordingBrand Warranty for 1 Year",4.5
178,"OPPO Reno8 Pro 5G (Glazed Black, 256 GB)","₹45,999",12 GB RAM | 256 GB ROM17.02 cm (6.7 inch) Full HD+ AMOLED Display50MP + 8MP + 2MP | 32MP Front Camera4500 mAh Lithium-ion Polymer BatteryMediatek Dimensity 8100 Max Processor1 Year Warranty for Phone and 6 Months Warranty for In-Box Accessories,4.4
179,"IQOO 9T 5G (LEGEND, 128 GB)","₹49,499",8 GB RAM | 128 GB ROM17.22 cm (6.78 inch) Display50MP Rear Camera4700 mAh Battery1 Year,4.1
180,"realme X50 Pro (Moss Green, 256 GB)","₹47,999",12 GB RAM | 256 GB ROM16.36 cm (6.44 inch) Full HD+ Display64MP + 12MP + 8MP + 2MP | 32MP + 8MP Dual Front Camera4200 mAh Battery5G PhoneQualcomm Snapdragon 865 Processor65W Superdart ChargeBrand Warranty of 1 Year Available for Mobile and 6 Months for Accessories,4.4
181,"Mi 10T Pro (Cosmic Black, 128 GB)","₹47,999",8 GB RAM | 128 GB ROM16.94 cm (6.67 inch) Full HD+ Display108MP + 13MP + 5MP | 20MP Front Camera5000 mAh Li-ion Polymer BatteryQualcomm Snapdragon 865 Processor144Hz Intelligent AdaptiveSync Display33W Dual Split Flash Charge1 Year Manufacturer Warranty for Device and 6 Months Manufacturer Warranty for In-box Accessories,4.2
182,"LG Wing (Aurora Gray, 128 GB)","₹49,999",8 GB RAM | 128 GB ROM | Expandable Upto 2 TB17.27 cm (6.8 inch) Full HD+ Display64MP + 13MP + 12MP | 32MP Front Camera4000 mAh Lithium Polymer BatteryQualcomm Snapdragon 765G Processor1 Year Manufacturer Warranty for Device and 6 Months Manufacturer Warranty for In-box Accessories Including Batteries from the Date of Purchase,4.2
183,"realme X50 Pro 5G (Rust Red, 256 GB)","₹47,999",12 GB RAM | 256 GB ROM16.36 cm (6.44 inch) Full HD+ Display64MP + 12MP + 8MP + 2MP | 32MP + 8MP Dual Front Camera4200 mAh Battery5G PhoneQualcomm Snapdragon 865 Processor65W Superdart ChargeBrand Warranty of 1 Year Available for Mobile and 6 Months for Accessories,4.3
184,"realme GT 2 Pro (Paper White, 128 GB)","₹49,999",8 GB RAM | 128 GB ROM17.02 cm (6.7 inch) Quad HD Display50MP + 50MP + 2MP | 32MP Front Camera5000 mAh Lithium Ion BatteryQualcomm Snapdragon 8 Gen 1 Mobile Platform Processor1 Year Manufacturer Warranty for Phone and 6 Months Warranty for In-Box Accessories,4.2
185,"realme GT 2 Pro (Paper Green, 128 GB)","₹49,999",8 GB RAM | 128 GB ROM17.02 cm (6.7 inch) Quad HD Display50MP + 50MP + 2MP | 32MP Front Camera5000 mAh Lithium Ion BatteryQualcomm Snapdragon 8 Gen 1 Mobile Platform Processor1 Year Manufacturer Warranty for Phone and 6 Months Warranty for In-Box Accessories,4.2
186,"vivo X60 (Midnight Black, 256 GB)","₹46,990",12 GB RAM | 256 GB ROM16.66 cm (6.56 inch) Full HD+ Display48MP + 13MP + 13MP | 32MP Front Camera4300 mAh Lithium-ion BatteryQualcomm Snapdragon 870 ProcessorAMOLED Display1 Year for Handset and 6 Months for In-box Accessories,4.4
187,"ASUS ROG 5s (Phantom Black, 256 GB)","₹47,999",12 GB RAM | 256 GB ROM17.22 cm (6.78 inch) Full HD+ Display64MP + 13MP + 5MP | 24MP Front Camera6000 mAh Lithium Polymer BatteryQualcomm Snapdragon 888 Plus (SM8350) Processor1 Year Brand Warranty,4.2
188,"realme GT 2 Pro (Steel Black, 128 GB)","₹49,999",8 GB RAM | 128 GB ROM17.02 cm (6.7 inch) Quad HD Display50MP + 50MP + 2MP | 32MP Front Camera5000 mAh Lithium Ion BatteryQualcomm Snapdragon 8 Gen 1 Mobile Platform Processor1 Year Manufacturer Warranty for Phone and 6 Months Warranty for In-Box Accessories,4.2
189,"Xiaomi 12 Pro 5G (Opera Mauve, 256 GB)","₹49,999",8 GB RAM | 256 GB ROM17.09 cm (6.73 inch) Full HD+ AMOLED Display50MP Rear Camera4600 mAh BatterySnapdragon@ 8 Gen 1 Processor12 Months,4.2
190,"SAMSUNG Galaxy S20 FE 5G (Cloud Navy, 128 GB)","₹30,980",8 GB RAM | 128 GB ROM16.51 cm (6.5 inch) Display12MP Rear Camera4500 mAh Battery1 Year Warranty,4
191,"IQOO 9T 5G (LEGEND, 128 GB)","₹49,499",8 GB RAM | 128 GB ROM17.22 cm (6.78 inch) Display50MP Rear Camera4700 mAh Battery1 Year,4.1
192,"SAMSUNG Galaxy S21 FE 5G (Olive, 128 GB)","₹34,999",8 GB RAM | 128 GB ROM16.26 cm (6.4 inch) Full HD+ Display12MP + 12MP + 8MP (OIS) | 32MP Front Camera4500 mAh Lithium-ion Battery1 Year Manufacturer Warranty for Device and 6 Months Manufacturer Warranty for In-Box Accessories,4.4
193,"SAMSUNG Galaxy S21 FE 5G (White, 128 GB)","₹34,999",8 GB RAM | 128 GB ROM16.26 cm (6.4 inch) Full HD+ Display12MP + 12MP + 8MP (OIS) | 32MP Front Camera4500 mAh Lithium-ion Battery1 Year Manufacturer Warranty for Device and 6 Months Manufacturer Warranty for In-Box Accessories,4.4
194,"SAMSUNG Galaxy Z Flip3 5G (Phantom Black, 128 GB)","₹49,999",8 GB RAM | 128 GB ROM17.02 cm (6.7 inch) Full HD+ Display12MP + 12MP | 10MP Front Camera3300 mAh Lithium-ion BatteryQualcomm Snapdragon 888 Octa-Core Processor1 Year Manufacturer Warranty for Device and 6 months Manufacturer Warranty for In-Box Accessories,4.4
195,"APPLE iPhone 11 (Black, 128 GB)","₹47,999",128 GB ROM15.49 cm (6.1 inch) Liquid Retina HD Display12MP + 12MP | 12MP Front CameraA13 Bionic Chip ProcessorBrand Warranty of 1 Year,4.6
196,"SAMSUNG Galaxy Z Flip3 5G (Cream, 128 GB)","₹49,999",8 GB RAM | 128 GB ROM17.02 cm (6.7 inch) Full HD+ Display12MP + 12MP | 10MP Front Camera3300 mAh Lithium-ion BatteryQualcomm Snapdragon 888 Octa-Core Processor1 Year Manufacturer Warranty for Device and 6 months Manufacturer Warranty for In-Box Accessories,4.4
197,"APPLE iPhone 11 (White, 128 GB)","₹47,999",128 GB ROM15.49 cm (6.1 inch) Liquid Retina HD Display12MP + 12MP | 12MP Front CameraA13 Bionic Chip ProcessorBrand Warranty of 1 Year,4.6
198,"APPLE iPhone 11 (Red, 128 GB)","₹47,999",128 GB ROM15.49 cm (6.1 inch) Liquid Retina HD Display12MP + 12MP | 12MP Front CameraA13 Bionic Chip ProcessorBrand Warranty of 1 Year,4.6
199,"APPLE iPhone 12 mini (Black, 64 GB)","₹49,999","64 GB ROM13.72 cm (5.4 inch) Super Retina XDR Display12MP + 12MP | 12MP Front CameraA14 Bionic Chip with Next Generation Neural Engine ProcessorCeramic ShieldIndustry-leading IP68 Water ResistanceAll Screen OLED Display12MP TrueDepth Front Camera with Night Mode, 4K Dolby Vision HDR RecordingBrand Warranty for 1 Year",4.5
200,"Xiaomi 11T Pro 5G Hyperphone (Celestial Magic, 128 GB)","₹36,990",8 GB RAM | 128 GB ROM16.94 cm (6.67 inch) Display108MP Rear Camera5000 mAh Battery1 Year,4
201,"APPLE iPhone 12 mini (White, 64 GB)","₹49,999","64 GB ROM13.72 cm (5.4 inch) Super Retina XDR Display12MP + 12MP | 12MP Front CameraA14 Bionic Chip with Next Generation Neural Engine ProcessorCeramic ShieldIndustry-leading IP68 Water ResistanceAll Screen OLED Display12MP TrueDepth Front Camera with Night Mode, 4K Dolby Vision HDR RecordingBrand Warranty for 1 Year",4.5
202,"OPPO Reno8 Pro 5G (Glazed Black, 256 GB)","₹45,999",12 GB RAM | 256 GB ROM17.02 cm (6.7 inch) Full HD+ AMOLED Display50MP + 8MP + 2MP | 32MP Front Camera4500 mAh Lithium-ion Polymer BatteryMediatek Dimensity 8100 Max Processor1 Year Warranty for Phone and 6 Months Warranty for In-Box Accessories,4.4
203,"IQOO 9T 5G (LEGEND, 128 GB)","₹49,499",8 GB RAM | 128 GB ROM17.22 cm (6.78 inch) Display50MP Rear Camera4700 mAh Battery1 Year,4.1
204,"realme X50 Pro (Moss Green, 256 GB)","₹47,999",12 GB RAM | 256 GB ROM16.36 cm (6.44 inch) Full HD+ Display64MP + 12MP + 8MP + 2MP | 32MP + 8MP Dual Front Camera4200 mAh Battery5G PhoneQualcomm Snapdragon 865 Processor65W Superdart ChargeBrand Warranty of 1 Year Available for Mobile and 6 Months for Accessories,4.4
205,"Mi 10T Pro (Cosmic Black, 128 GB)","₹47,999",8 GB RAM | 128 GB ROM16.94 cm (6.67 inch) Full HD+ Display108MP + 13MP + 5MP | 20MP Front Camera5000 mAh Li-ion Polymer BatteryQualcomm Snapdragon 865 Processor144Hz Intelligent AdaptiveSync Display33W Dual Split Flash Charge1 Year Manufacturer Warranty for Device and 6 Months Manufacturer Warranty for In-box Accessories,4.2
206,"LG Wing (Aurora Gray, 128 GB)","₹49,999",8 GB RAM | 128 GB ROM | Expandable Upto 2 TB17.27 cm (6.8 inch) Full HD+ Display64MP + 13MP + 12MP | 32MP Front Camera4000 mAh Lithium Polymer BatteryQualcomm Snapdragon 765G Processor1 Year Manufacturer Warranty for Device and 6 Months Manufacturer Warranty for In-box Accessories Including Batteries from the Date of Purchase,4.2
207,"realme X50 Pro 5G (Rust Red, 256 GB)","₹47,999",12 GB RAM | 256 GB ROM16.36 cm (6.44 inch) Full HD+ Display64MP + 12MP + 8MP + 2MP | 32MP + 8MP Dual Front Camera4200 mAh Battery5G PhoneQualcomm Snapdragon 865 Processor65W Superdart ChargeBrand Warranty of 1 Year Available for Mobile and 6 Months for Accessories,4.3
208,"realme GT 2 Pro (Paper White, 128 GB)","₹49,999",8 GB RAM | 128 GB ROM17.02 cm (6.7 inch) Quad HD Display50MP + 50MP + 2MP | 32MP Front Camera5000 mAh Lithium Ion BatteryQualcomm Snapdragon 8 Gen 1 Mobile Platform Processor1 Year Manufacturer Warranty for Phone and 6 Months Warranty for In-Box Accessories,4.2
209,"realme GT 2 Pro (Paper Green, 128 GB)","₹49,999",8 GB RAM | 128 GB ROM17.02 cm (6.7 inch) Quad HD Display50MP + 50MP + 2MP | 32MP Front Camera5000 mAh Lithium Ion BatteryQualcomm Snapdragon 8 Gen 1 Mobile Platform Processor1 Year Manufacturer Warranty for Phone and 6 Months Warranty for In-Box Accessories,4.2
210,"vivo X60 (Midnight Black, 256 GB)","₹46,990",12 GB RAM | 256 GB ROM16.66 cm (6.56 inch) Full HD+ Display48MP + 13MP + 13MP | 32MP Front Camera4300 mAh Lithium-ion BatteryQualcomm Snapdragon 870 ProcessorAMOLED Display1 Year for Handset and 6 Months for In-box Accessories,4.4
211,"ASUS ROG 5s (Phantom Black, 256 GB)","₹47,999",12 GB RAM | 256 GB ROM17.22 cm (6.78 inch) Full HD+ Display64MP + 13MP + 5MP | 24MP Front Camera6000 mAh Lithium Polymer BatteryQualcomm Snapdragon 888 Plus (SM8350) Processor1 Year Brand Warranty,4.2
212,"realme GT 2 Pro (Steel Black, 128 GB)","₹49,999",8 GB RAM | 128 GB ROM17.02 cm (6.7 inch) Quad HD Display50MP + 50MP + 2MP | 32MP Front Camera5000 mAh Lithium Ion BatteryQualcomm Snapdragon 8 Gen 1 Mobile Platform Processor1 Year Manufacturer Warranty for Phone and 6 Months Warranty for In-Box Accessories,4.2
213,"Xiaomi 12 Pro 5G (Opera Mauve, 256 GB)","₹49,999",8 GB RAM | 256 GB ROM17.09 cm (6.73 inch) Full HD+ AMOLED Display50MP Rear Camera4600 mAh BatterySnapdragon@ 8 Gen 1 Processor12 Months,4.2
214,"SAMSUNG Galaxy S20 FE 5G (Cloud Navy, 128 GB)","₹30,980",8 GB RAM | 128 GB ROM16.51 cm (6.5 inch) Display12MP Rear Camera4500 mAh Battery1 Year Warranty,4
215,"IQOO 9T 5G (LEGEND, 128 GB)","₹49,499",8 GB RAM | 128 GB ROM17.22 cm (6.78 inch) Display50MP Rear Camera4700 mAh Battery1 Year,4.1
216,"SAMSUNG Galaxy S21 FE 5G (Olive, 128 GB)","₹34,999",8 GB RAM | 128 GB ROM16.26 cm (6.4 inch) Full HD+ Display12MP + 12MP + 8MP (OIS) | 32MP Front Camera4500 mAh Lithium-ion Battery1 Year Manufacturer Warranty for Device and 6 Months Manufacturer Warranty for In-Box Accessories,4.4
217,"SAMSUNG Galaxy S21 FE 5G (White, 128 GB)","₹34,999",8 GB RAM | 128 GB ROM16.26 cm (6.4 inch) Full HD+ Display12MP + 12MP + 8MP (OIS) | 32MP Front Camera4500 mAh Lithium-ion Battery1 Year Manufacturer Warranty for Device and 6 Months Manufacturer Warranty for In-Box Accessories,4.4
218,"SAMSUNG Galaxy Z Flip3 5G (Phantom Black, 128 GB)","₹49,999",8 GB RAM | 128 GB ROM17.02 cm (6.7 inch) Full HD+ Display12MP + 12MP | 10MP Front Camera3300 mAh Lithium-ion BatteryQualcomm Snapdragon 888 Octa-Core Processor1 Year Manufacturer Warranty for Device and 6 months Manufacturer Warranty for In-Box Accessories,4.4
219,"APPLE iPhone 11 (Black, 128 GB)","₹47,999",128 GB ROM15.49 cm (6.1 inch) Liquid Retina HD Display12MP + 12MP | 12MP Front CameraA13 Bionic Chip ProcessorBrand Warranty of 1 Year,4.6
220,"SAMSUNG Galaxy Z Flip3 5G (Cream, 128 GB)","₹49,999",8 GB RAM | 128 GB ROM17.02 cm (6.7 inch) Full HD+ Display12MP + 12MP | 10MP Front Camera3300 mAh Lithium-ion BatteryQualcomm Snapdragon 888 Octa-Core Processor1 Year Manufacturer Warranty for Device and 6 months Manufacturer Warranty for In-Box Accessories,4.4
221,"APPLE iPhone 11 (White, 128 GB)","₹47,999",128 GB ROM15.49 cm (6.1 inch) Liquid Retina HD Display12MP + 12MP | 12MP Front CameraA13 Bionic Chip ProcessorBrand Warranty of 1 Year,4.6
222,"APPLE iPhone 11 (Red, 128 GB)","₹47,999",128 GB ROM15.49 cm (6.1 inch) Liquid Retina HD Display12MP + 12MP | 12MP Front CameraA13 Bionic Chip ProcessorBrand Warranty of 1 Year,4.6
223,"APPLE iPhone 12 mini (Black, 64 GB)","₹49,999","64 GB ROM13.72 cm (5.4 inch) Super Retina XDR Display12MP + 12MP | 12MP Front CameraA14 Bionic Chip with Next Generation Neural Engine ProcessorCeramic ShieldIndustry-leading IP68 Water ResistanceAll Screen OLED Display12MP TrueDepth Front Camera with Night Mode, 4K Dolby Vision HDR RecordingBrand Warranty for 1 Year",4.5
224,"Xiaomi 11T Pro 5G Hyperphone (Celestial Magic, 128 GB)","₹36,990",8 GB RAM | 128 GB ROM16.94 cm (6.67 inch) Display108MP Rear Camera5000 mAh Battery1 Year,4
225,"APPLE iPhone 12 mini (White, 64 GB)","₹49,999","64 GB ROM13.72 cm (5.4 inch) Super Retina XDR Display12MP + 12MP | 12MP Front CameraA14 Bionic Chip with Next Generation Neural Engine ProcessorCeramic ShieldIndustry-leading IP68 Water ResistanceAll Screen OLED Display12MP TrueDepth Front Camera with Night Mode, 4K Dolby Vision HDR RecordingBrand Warranty for 1 Year",4.5
226,"OPPO Reno8 Pro 5G (Glazed Black, 256 GB)","₹45,999",12 GB RAM | 256 GB ROM17.02 cm (6.7 inch) Full HD+ AMOLED Display50MP + 8MP + 2MP | 32MP Front Camera4500 mAh Lithium-ion Polymer BatteryMediatek Dimensity 8100 Max Processor1 Year Warranty for Phone and 6 Months Warranty for In-Box Accessories,4.4
227,"IQOO 9T 5G (LEGEND, 128 GB)","₹49,499",8 GB RAM | 128 GB ROM17.22 cm (6.78 inch) Display50MP Rear Camera4700 mAh Battery1 Year,4.1
228,"realme X50 Pro (Moss Green, 256 GB)","₹47,999",12 GB RAM | 256 GB ROM16.36 cm (6.44 inch) Full HD+ Display64MP + 12MP + 8MP + 2MP | 32MP + 8MP Dual Front Camera4200 mAh Battery5G PhoneQualcomm Snapdragon 865 Processor65W Superdart ChargeBrand Warranty of 1 Year Available for Mobile and 6 Months for Accessories,4.4
229,"Mi 10T Pro (Cosmic Black, 128 GB)","₹47,999",8 GB RAM | 128 GB ROM16.94 cm (6.67 inch) Full HD+ Display108MP + 13MP + 5MP | 20MP Front Camera5000 mAh Li-ion Polymer BatteryQualcomm Snapdragon 865 Processor144Hz Intelligent AdaptiveSync Display33W Dual Split Flash Charge1 Year Manufacturer Warranty for Device and 6 Months Manufacturer Warranty for In-box Accessories,4.2
230,"LG Wing (Aurora Gray, 128 GB)","₹49,999",8 GB RAM | 128 GB ROM | Expandable Upto 2 TB17.27 cm (6.8 inch) Full HD+ Display64MP + 13MP + 12MP | 32MP Front Camera4000 mAh Lithium Polymer BatteryQualcomm Snapdragon 765G Processor1 Year Manufacturer Warranty for Device and 6 Months Manufacturer Warranty for In-box Accessories Including Batteries from the Date of Purchase,4.2
231,"realme X50 Pro 5G (Rust Red, 256 GB)","₹47,999",12 GB RAM | 256 GB ROM16.36 cm (6.44 inch) Full HD+ Display64MP + 12MP + 8MP + 2MP | 32MP + 8MP Dual Front Camera4200 mAh Battery5G PhoneQualcomm Snapdragon 865 Processor65W Superdart ChargeBrand Warranty of 1 Year Available for Mobile and 6 Months for Accessories,4.3
232,"realme GT 2 Pro (Paper White, 128 GB)","₹49,999",8 GB RAM | 128 GB ROM17.02 cm (6.7 inch) Quad HD Display50MP + 50MP + 2MP | 32MP Front Camera5000 mAh Lithium Ion BatteryQualcomm Snapdragon 8 Gen 1 Mobile Platform Processor1 Year Manufacturer Warranty for Phone and 6 Months Warranty for In-Box Accessories,4.2
233,"realme GT 2 Pro (Paper Green, 128 GB)","₹49,999",8 GB RAM | 128 GB ROM17.02 cm (6.7 inch) Quad HD Display50MP + 50MP + 2MP | 32MP Front Camera5000 mAh Lithium Ion BatteryQualcomm Snapdragon 8 Gen 1 Mobile Platform Processor1 Year Manufacturer Warranty for Phone and 6 Months Warranty for In-Box Accessories,4.2
234,"vivo X60 (Midnight Black, 256 GB)","₹46,990",12 GB RAM | 256 GB ROM16.66 cm (6.56 inch) Full HD+ Display48MP + 13MP + 13MP | 32MP Front Camera4300 mAh Lithium-ion BatteryQualcomm Snapdragon 870 ProcessorAMOLED Display1 Year for Handset and 6 Months for In-box Accessories,4.4
235,"ASUS ROG 5s (Phantom Black, 256 GB)","₹47,999",12 GB RAM | 256 GB ROM17.22 cm (6.78 inch) Full HD+ Display64MP + 13MP + 5MP | 24MP Front Camera6000 mAh Lithium Polymer BatteryQualcomm Snapdragon 888 Plus (SM8350) Processor1 Year Brand Warranty,4.2
236,"realme GT 2 Pro (Steel Black, 128 GB)","₹49,999",8 GB RAM | 128 GB ROM17.02 cm (6.7 inch) Quad HD Display50MP + 50MP + 2MP | 32MP Front Camera5000 mAh Lithium Ion BatteryQualcomm Snapdragon 8 Gen 1 Mobile Platform Processor1 Year Manufacturer Warranty for Phone and 6 Months Warranty for In-Box Accessories,4.2
237,"Xiaomi 12 Pro 5G (Opera Mauve, 256 GB)","₹49,999",8 GB RAM | 256 GB ROM17.09 cm (6.73 inch) Full HD+ AMOLED Display50MP Rear Camera4600 mAh BatterySnapdragon@ 8 Gen 1 Processor12 Months,4.2
238,"SAMSUNG Galaxy S20 FE 5G (Cloud Navy, 128 GB)","₹30,980",8 GB RAM | 128 GB ROM16.51 cm (6.5 inch) Display12MP Rear Camera4500 mAh Battery1 Year Warranty,4
239,"IQOO 9T 5G (LEGEND, 128 GB)","₹49,499",8 GB RAM | 128 GB ROM17.22 cm (6.78 inch) Display50MP Rear Camera4700 mAh Battery1 Year,4.1
